"Well","Group","Chem","Dose","Treatment","Fluorescence","Flum","Rlum","Background.Fluor","Background.Flum","Background.Rlum","CorrFluor","CorrFlum","CorrRlum","ExperimentalR","PositiveR","NegativeR","RRR","Flum.Live","FLumLive.R","Flum.R","Ratio.NoTF","FlumL.NoTF","Assay"
"10","Control","NoPPAR",0,"100 uM Rosi",37662,515,1801,377.6666667,778.6666667,878.1666667,37284.33333,-263.6666667,922.8333333,-0.007071782,0.180833419,0.011744853,-0.111282715,0.013674261,0.048525238,0.285952249,2.288511349,7.27e-06,"18"
"69","Control","NoPPAR",0,"10 uM 1929",47701,923,475,377.6666667,778.6666667,878.1666667,47323.33333,144.3333333,-403.1666667,0.00304994,0.180833419,0.011744853,-0.05142224,0.019349699,0.068665411,1.943157895,15.55133388,1.03e-05,"18"
"11","Control","NoPPAR",0,"100 uM Rosi",34573,780,705,377.6666667,778.6666667,878.1666667,34195.33333,1.333333333,-173.1666667,3.89917e-05,0.180833419,0.011744853,-0.069229171,0.022560958,0.080061062,1.106382979,8.85452034,1.2e-05,"18"
"7","Control","NoPPAR",0,"200 uM  DiHOME",12408,343,498,377.6666667,778.6666667,878.1666667,12030.33333,-435.6666667,-380.1666667,-0.036214015,0.180833419,0.011744853,-0.283631642,0.027643456,0.098097095,0.68875502,5.512191937,1.47e-05,"18"
"12","Control","NoPPAR",0,"100 uM Rosi",33361,1065,1005,377.6666667,778.6666667,878.1666667,32983.33333,286.3333333,126.8333333,0.008681152,0.180833419,0.011744853,-0.018118912,0.031923503,0.113285507,1.059701493,8.48092261,1.7e-05,"18"
"72","Control","NoPPAR",0,"100 uM 9662",29835,970,840,377.6666667,778.6666667,878.1666667,29457.33333,191.3333333,-38.16666667,0.00649527,0.180833419,0.011744853,-0.031046351,0.03251215,0.115374412,1.154761905,9.241702891,1.73e-05,"18"
"67","Control","NoPPAR",0,"10 uM 1929",28407,950,823,377.6666667,778.6666667,878.1666667,28029.33333,171.3333333,-55.16666667,0.006112644,0.180833419,0.011744853,-0.033309225,0.033442461,0.118675765,1.154313487,9.23811415,1.78e-05,"18"
"8","Control","NoPPAR",0,"200 uM  DiHOME",16048,564,1432,377.6666667,778.6666667,878.1666667,15670.33333,-214.6666667,553.8333333,-0.013698922,0.180833419,0.011744853,-0.15047602,0.035144566,0.124715949,0.393854749,3.152068451,1.87e-05,"18"
"68","Control","NoPPAR",0,"10 uM 1929",46042,1729,1526,377.6666667,778.6666667,878.1666667,45664.33333,950.3333333,647.8333333,0.020811282,0.180833419,0.011744853,0.053619412,0.037552669,0.133261476,1.133027523,9.067759935,2e-05,"18"
"71","Control","NoPPAR",0,"100 uM 9662",24139,1043,600,377.6666667,778.6666667,878.1666667,23761.33333,264.3333333,-278.1666667,0.011124516,0.180833419,0.011744853,-0.00366871,0.043208086,0.153330601,1.738333333,13.91209749,2.3e-05,"18"
"9","Control","NoPPAR",0,"200 uM  DiHOME",19394,949,503,377.6666667,778.6666667,878.1666667,19016.33333,170.3333333,-375.1666667,0.008957212,0.180833419,0.011744853,-0.016486276,0.04893266,0.173645141,1.88667992,15.09933364,2.6e-05,"18"
"70","Control","NoPPAR",0,"100 uM 9662",30744,1549,460,377.6666667,778.6666667,878.1666667,30366.33333,770.3333333,-418.1666667,0.025368006,0.180833419,0.011744853,0.080568152,0.050383815,0.17879479,3.367391304,26.94965068,2.68e-05,"18"
"5","Control","NoTF",0,"NoTF",32176,157,534,377.6666667,778.6666667,878.1666667,31798.33333,-621.6666667,-344.1666667,-0.019550291,0.180833419,0.011744853,-0.185081372,0.004879413,0.017315355,0.294007491,2.35297845,2.59e-06,"18"
"63","Control","NoTF",0,"NoTF",50914,423,714,377.6666667,778.6666667,878.1666667,50536.33333,-355.6666667,-164.1666667,-0.007037841,0.180833419,0.011744853,-0.111081986,0.008308127,0.029482679,0.592436975,4.741346662,4.42e-06,"18"
"66","Control","NoTF",0,"NoTF",60536,549,1024,377.6666667,778.6666667,878.1666667,60158.33333,-229.6666667,145.8333333,-0.003817703,0.180833419,0.011744853,-0.092037898,0.009068984,0.032182698,0.536132813,4.290737461,4.82e-06,"18"
"65","Control","NoTF",0,"NoTF",57753,628,1087,377.6666667,778.6666667,878.1666667,57375.33333,-150.6666667,208.8333333,-0.002625983,0.180833419,0.011744853,-0.084989994,0.010873894,0.038587701,0.577736891,4.623700063,5.78e-06,"18"
"4","Control","NoTF",0,"NoTF",33810,455,1043,377.6666667,778.6666667,878.1666667,33432.33333,-323.6666667,164.8333333,-0.009681247,0.180833419,0.011744853,-0.126715248,0.013457557,0.04775623,0.436241611,3.491295771,7.15e-06,"18"
"6","Control","NoTF",0,"NoTF",44644,702,1294,377.6666667,778.6666667,878.1666667,44266.33333,-76.66666667,415.8333333,-0.001731941,0.180833419,0.011744853,-0.079702572,0.015724397,0.055800464,0.542503864,4.341725777,8.36e-06,"18"
"61","Control","NoTF",0,"NoTF",50911,938,917,377.6666667,778.6666667,878.1666667,50533.33333,159.3333333,38.83333333,0.003153034,0.180833419,0.011744853,-0.050812535,0.018424309,0.065381521,1.022900763,8.186401805,9.79e-06,"18"
"64","Control","NoTF",0,"NoTF",56971,1326,463,377.6666667,778.6666667,878.1666667,56593.33333,547.3333333,-415.1666667,0.009671339,0.180833419,0.011744853,-0.012262884,0.023275,0.082594951,2.863930886,22.92039444,1.24e-05,"18"
"62","Control","NoTF",0,"NoTF",49908,1237,722,377.6666667,778.6666667,878.1666667,49530.33333,458.3333333,-156.1666667,0.009253589,0.180833419,0.011744853,-0.014733487,0.024785606,0.087955571,1.713296399,13.71172379,1.32e-05,"18"
"3","Control","NoTF",0,"NoTF",38774,968,1031,377.6666667,778.6666667,878.1666667,38396.33333,189.3333333,152.8333333,0.004931026,0.180833419,0.011744853,-0.040297382,0.024965183,0.088592828,0.938894277,7.514087469,1.33e-05,"18"
"2","Control","NoTF",0,"NoTF",29329,794,518,377.6666667,778.6666667,878.1666667,28951.33333,15.33333333,-360.1666667,0.000529624,0.180833419,0.011744853,-0.066327539,0.027072181,0.096069837,1.532818533,12.26733702,1.44e-05,"18"
"1","Control","NoTF",0,"NoTF",26254,1167,1191,377.6666667,778.6666667,878.1666667,25876.33333,388.3333333,312.8333333,0.015007278,0.180833419,0.011744853,0.019294181,0.044450369,0.157739035,0.979848866,7.84185213,2.36e-05,"18"
"F11","Control","NoTF",0,"NoTF",39354,469,804,90,645.4,690.2,39264,-176.4,113.8,-0.004492665,0.463272796,0.004699895,-0.020046016,0.011917467,0.014287192,0.583333333,0.590484404,0.724766669,"16"
"D11","Control","NoTF",0,"NoTF",40958,572,699,90,645.4,690.2,40868,-73.4,8.8,-0.001796026,0.463272796,0.004699895,-0.014165514,0.013965526,0.016742497,0.818311874,0.828343542,0.849320365,"16"
"G11","Control","NoTF",0,"NoTF",37545,550,388,90,645.4,690.2,37455,-95.4,-302.2,-0.002547056,0.463272796,0.004699895,-0.01580327,0.014649088,0.017561982,1.417525773,1.434903192,0.890891533,"16"
"B11","Control","NoTF",0,"NoTF",40673,692,821,90,645.4,690.2,40583,46.6,130.8,0.001148264,0.463272796,0.004699895,-0.007744964,0.017013744,0.020396837,0.842874543,0.853207324,1.03469926,"16"
"E11","Control","NoTF",0,"NoTF",38265,944,739,90,645.4,690.2,38175,298.6,48.8,0.007821873,0.463272796,0.004699895,0.00680803,0.024670064,0.029575576,1.277401894,1.293061537,1.500322172,"16"
"50","Test","DiHOME",0.01,"10 nM DiHOME",15443,255,713,377.6666667,778.6666667,878.1666667,15065.33333,-523.6666667,-165.1666667,-0.034759713,0.180833419,0.011744853,-0.275030816,0.016512336,0.058596588,0.357643759,2.862267404,8.78e-06,"18"
"51","Test","DiHOME",0.01,"10 nM DiHOME",13202,683,1050,377.6666667,778.6666667,878.1666667,12824.33333,-95.66666667,171.8333333,-0.007459777,0.180833419,0.011744853,-0.113577342,0.051734586,0.18358821,0.65047619,5.205841711,2.75e-05,"18"
"49","Test","DiHOME",0.01,"10 nM DiHOME",14716,798,1875,377.6666667,778.6666667,878.1666667,14338.33333,19.33333333,996.8333333,0.001348367,0.180833419,0.011744853,-0.061485447,0.054226692,0.192431835,0.4256,3.40612964,2.88e-05,"18"
"43","Test","DiHOME",0.1,"100 nM DiHOME",17987,991,2134,377.6666667,778.6666667,878.1666667,17609.33333,212.3333333,1255.833333,0.012058,0.180833419,0.011744853,0.001851968,0.055095347,0.195514393,0.464386129,3.716539848,2.93e-05,"18"
"44","Test","DiHOME",0.1,"100 nM DiHOME",15403,1145,1144,377.6666667,778.6666667,878.1666667,15025.33333,366.3333333,265.8333333,0.024381045,0.180833419,0.011744853,0.074731206,0.074336168,0.263793433,1.000874126,8.010119891,3.95e-05,"18"
"45","Test","DiHOME",0.1,"100 nM DiHOME",14067,1234,1526,377.6666667,778.6666667,878.1666667,13689.33333,455.3333333,647.8333333,0.033261907,0.180833419,0.011744853,0.127253159,0.08772304,0.311298827,0.808650066,6.471726871,4.66e-05,"18"
"37","Test","DiHOME",1,"1 uM DiHOME",17181,458,1448,377.6666667,778.6666667,878.1666667,16803.33333,-320.6666667,569.8333333,-0.019083515,0.180833419,0.011744853,-0.182320833,0.026657354,0.094597759,0.316298343,2.531374905,1.42e-05,"18"
"39","Test","DiHOME",1,"1 uM DiHOME",18141,856,1400,377.6666667,778.6666667,878.1666667,17763.33333,77.33333333,521.8333333,0.004353537,0.180833419,0.011744853,-0.043712688,0.047185932,0.167446605,0.611428571,4.893338768,2.51e-05,"18"
"38","Test","DiHOME",1,"1 uM DiHOME",18168,956,1956,377.6666667,778.6666667,878.1666667,17790.33333,177.3333333,1077.833333,0.00996796,0.180833419,0.011744853,-0.010508651,0.052619991,0.186730208,0.488752556,3.911547388,2.8e-05,"18"
"32","Test","DiHOME",10,"10 uM DiHOME",21612,745,1144,377.6666667,778.6666667,878.1666667,21234.33333,-33.66666667,265.8333333,-0.001585483,0.180833419,0.011744853,-0.07883641,0.03447159,0.122327789,0.651223776,5.211824733,1.83e-05,"18"
"31","Test","DiHOME",10,"10 uM DiHOME",24057,1512,2134,377.6666667,778.6666667,878.1666667,23679.33333,733.3333333,1255.833333,0.03096934,0.180833419,0.011744853,0.113694781,0.06285073,0.223035573,0.708528585,5.67044223,3.34e-05,"18"
"33","Test","DiHOME",10,"10 uM DiHOME",22675,2372,1526,377.6666667,778.6666667,878.1666667,22297.33333,1593.333333,647.8333333,0.07145847,0.180833419,0.011744853,0.353149944,0.1046086,0.371219858,1.554390564,12.43998066,5.56e-05,"18"
"27","Test","DiHOME",50,"50 uM DiHOME",15510,523,877,377.6666667,778.6666667,878.1666667,15132.33333,-255.6666667,-1.166666667,-0.01689539,0.180833419,0.011744853,-0.169380125,0.033720181,0.119661297,0.596351197,4.772672671,1.79e-05,"18"
"26","Test","DiHOME",50,"50 uM DiHOME",13824,692,855,377.6666667,778.6666667,878.1666667,13446.33333,-86.66666667,-23.16666667,-0.006445375,0.180833419,0.011744853,-0.10757811,0.05005787,0.177638123,0.809356725,6.477382355,2.66e-05,"18"
"25","Test","DiHOME",50,"50 uM DiHOME",15987,2011,1272,377.6666667,778.6666667,878.1666667,15609.33333,1232.333333,393.8333333,0.078948492,0.180833419,0.011744853,0.397446387,0.125789704,0.446384294,1.580974843,12.65273795,6.69e-05,"18"
"19","Test","DiHOME",100,"100 uM DiHOME",11901,1073,559,377.6666667,778.6666667,878.1666667,11523.33333,294.3333333,-319.1666667,0.025542378,0.180833419,0.011744853,0.081599396,0.090160491,0.3199485,1.919499106,15.36198965,4.79e-05,"18"
"21","Test","DiHOME",100,"100 uM DiHOME",11402,1233,2515,377.6666667,778.6666667,878.1666667,11024.33333,454.3333333,1636.833333,0.041211865,0.180833419,0.011744853,0.174269689,0.108138923,0.383747757,0.490258449,3.923599237,5.75e-05,"18"
"20","Test","DiHOME",100,"100 uM DiHOME",10287,1377,499,377.6666667,778.6666667,878.1666667,9909.333333,598.3333333,-379.1666667,0.060380786,0.180833419,0.011744853,0.287635847,0.133858268,0.475016846,2.759519038,22.08477346,7.11e-05,"18"
"13","Test","DiHOME",200,"200 uM  DiHOME",5247,1073,559,377.6666667,778.6666667,878.1666667,4869.333333,294.3333333,-319.1666667,0.060446331,0.180833419,0.011744853,0.288023484,0.204497808,0.725692221,1.919499106,15.36198965,0.000108684,"18"
"15","Test","DiHOME",200,"200 uM  DiHOME",5112,1233,2515,377.6666667,778.6666667,878.1666667,4734.333333,454.3333333,1636.833333,0.095965641,0.180833419,0.011744853,0.498086833,0.241197183,0.855925651,0.490258449,3.923599237,0.000128188,"18"
"14","Test","DiHOME",200,"200 uM  DiHOME",5016,1377,499,377.6666667,778.6666667,878.1666667,4638.333333,598.3333333,-379.1666667,0.128997485,0.180833419,0.011744853,0.693439153,0.274521531,0.974182273,2.759519038,22.08477346,0.000145899,"18"
"D10","Test","DiHOME",1,"1 uM DiHOME",27559,1040,1384,90,645.4,690.2,27469,394.6,693.8,0.014365285,0.463272796,0.004699895,0.021077106,0.037737218,0.045241064,0.751445087,0.760657036,2.295007638,"16"
"C10","Test","DiHOME",1,"1 uM DiHOME",21285,865,3202,90,645.4,690.2,21195,219.6,2511.8,0.010360934,0.463272796,0.004699895,0.012344906,0.040638948,0.048719788,0.27014366,0.273455346,2.471477743,"16"
"B10","Test","DiHOME",1,"1 uM DiHOME",26978,1303,3587,90,645.4,690.2,26888,657.6,2896.8,0.024457007,0.463272796,0.004699895,0.043083907,0.048298614,0.057902538,0.363256203,0.367709353,2.937304132,"16"
"B9","Test","DiHOME",5,"5 uM DIHOME",30776,519,2162,90,645.4,690.2,30686,-126.4,1471.8,-0.004119142,0.463272796,0.004699895,-0.019231483,0.01686379,0.020217066,0.240055504,0.24299834,1.025579746,"16"
"C9","Test","DiHOME",5,"5 uM DIHOME",23576,883,1133,90,645.4,690.2,23486,237.6,442.8,0.010116665,0.463272796,0.004699895,0.011812234,0.037453342,0.044900741,0.779346867,0.788900864,2.277743582,"16"
"D9","Test","DiHOME",5,"5 uM DIHOME",24142,1026,2850,90,645.4,690.2,24052,380.6,2159.8,0.015824048,0.463272796,0.004699895,0.0242582,0.04249855,0.050949162,0.36,0.364413232,2.584570399,"16"
"D8","Test","DiHOME",10,"10 uM DiHOME",25038,1172,1677,90,645.4,690.2,24948,526.6,986.8,0.021107904,0.463272796,0.004699895,0.035780591,0.046808851,0.056116544,0.698867024,0.707434421,2.846703448,"16"
"B8","Test","DiHOME",10,"10 uM DiHOME",25200,1256,2610,90,645.4,690.2,25110,610.6,1919.8,0.024317005,0.463272796,0.004699895,0.042778608,0.04984127,0.059751943,0.481226054,0.487125394,3.031121531,"16"
"C8","Test","DiHOME",10,"10 uM DiHOME",19425,1356,2182,90,645.4,690.2,19335,710.6,1491.8,0.036752004,0.463272796,0.004699895,0.069895341,0.06980695,0.083687693,0.621448213,0.629066533,4.245344254,"16"
"D7","Test","DiHOME",20,"20 uM DiHOME",27103,908,2004,90,645.4,690.2,27013,262.6,1313.8,0.009721245,0.463272796,0.004699895,0.01094995,0.033501826,0.040163487,0.453093812,0.45864828,2.037430177,"16"
"C7","Test","DiHOME",20,"20 uM DiHOME",22543,1408,1991,90,645.4,690.2,22453,762.6,1300.8,0.033964281,0.463272796,0.004699895,0.063816213,0.062458413,0.074877938,0.70718232,0.715851654,3.798439335,"16"
"B7","Test","DiHOME",20,"20 uM DiHOME",26179,2603,2157,90,645.4,690.2,26089,1957.6,1466.8,0.075035456,0.463272796,0.004699895,0.153379235,0.099430842,0.11920214,1.20676866,1.221562412,6.046935913,"16"
"D6","Test","DiHOME",50,"50 uM DiHOME",20179,2319,2785,90,645.4,690.2,20089,1673.6,2094.8,0.083309274,0.463272796,0.004699895,0.171421771,0.114921453,0.137772977,0.832675045,0.842882791,6.989005128,"16"
"B6","Test","DiHOME",50,"50 uM DiHOME",22091,4801,3298,90,645.4,690.2,22001,4155.6,2607.8,0.188882324,0.463272796,0.004699895,0.401642636,0.217328324,0.260542913,1.455730746,1.473576518,13.21692973,"16"
"C6","Test","DiHOME",50,"50 uM DiHOME",19729,5263,2533,90,645.4,690.2,19639,4617.6,1842.8,0.235123988,0.463272796,0.004699895,0.502480832,0.266764661,0.319809404,2.077773391,2.103244771,16.2234251,"16"
"C5","Test","DiHOME",100,"100 uM DiHOME",9101,926,1406,90,645.4,690.2,9011,280.6,715.8,0.031139718,0.463272796,0.004699895,0.05765675,0.101747061,0.121978926,0.658605974,0.666679811,6.187797934,"16"
"D5","Test","DiHOME",100,"100 uM DiHOME",9540,1417,855,90,645.4,690.2,9450,771.6,164.8,0.081650794,0.463272796,0.004699895,0.16780516,0.148532495,0.178067397,1.657309942,1.677626869,9.033077293,"16"
"B5","Test","DiHOME",100,"100 uM DiHOME",11690,4496,790,90,645.4,690.2,11600,3850.6,99.8,0.331948276,0.463272796,0.004699895,0.713623461,0.384602224,0.461078344,5.691139241,5.760906796,23.3897749,"16"
"C4","Test","DiHOME",150,"150 uM DiHOME",8630,1877,1417,90,645.4,690.2,8540,1231.6,726.8,0.144215457,0.463272796,0.004699895,0.304238566,0.217497103,0.260745253,1.324629499,1.340868104,13.22719414,"16"
"D4","Test","DiHOME",150,"150 uM DiHOME",7786,2883,735,90,645.4,690.2,7696,2237.6,44.8,0.290748441,0.463272796,0.004699895,0.623779873,0.37027999,0.443908209,3.92244898,3.970534199,22.51876112,"16"
"B4","Test","DiHOME",150,"150 uM DiHOME",8916,4359,959,90,645.4,690.2,8826,3713.6,268.8,0.420756855,0.463272796,0.004699895,0.907286407,0.488896366,0.586110825,4.54535975,4.601081219,29.73247484,"16"
"B3","Test","DiHOME",200,"200 uM  DiHOME",8499,1388,1008,90,645.4,690.2,8409,742.6,317.8,0.088310144,0.463272796,0.004699895,0.18232706,0.163313331,0.195787324,1.376984127,1.393864546,9.931981175,"16"
"C3","Test","DiHOME",200,"200 uM  DiHOME",8197,1708,959,90,645.4,690.2,8107,1062.6,268.8,0.131071913,0.463272796,0.004699895,0.275576725,0.208368915,0.249801973,1.781021898,1.802855408,12.67205888,"16"
"D3","Test","DiHOME",200,"200 uM  DiHOME",6798,3067,1903,90,645.4,690.2,6708,2421.6,1212.8,0.361001789,0.463272796,0.004699895,0.776979828,0.451162107,0.540873308,1.611665791,1.631423168,27.43764714,"16"
"C10","Test","GW1929",0.001,"0.001 uM 1929",28025,788,2179,90,645.4,690.2,27935,142.6,1488.8,0.005104707,0.463272796,0.004699895,0.000882766,0.028117752,0.033708818,0.361633777,0.366067038,1.709995026,"16"
"B10","Test","GW1929",0.001,"0.001 uM 1929",26408,1060,2629,90,645.4,690.2,26318,414.6,1938.8,0.015753477,0.463272796,0.004699895,0.024104307,0.040139352,0.04812085,0.403195131,0.408137892,2.441094571,"16"
"D10","Test","GW1929",0.001,"0.001 uM 1929",34810,2479,2791,90,645.4,690.2,34720,1833.6,2100.8,0.05281106,0.463272796,0.004699895,0.104914976,0.071215168,0.085375928,0.88821211,0.899100684,4.330985745,"16"
"D9","Test","GW1929",0.01,"0.01 uM 1929",28372,1234,5498,90,645.4,690.2,28282,588.6,4807.8,0.020811824,0.463272796,0.004699895,0.035134935,0.043493585,0.052142055,0.224445253,0.227196722,2.645083944,"16"
"C9","Test","GW1929",0.01,"0.01 uM 1929",27602,1603,3530,90,645.4,690.2,27512,957.6,2839.8,0.03480663,0.463272796,0.004699895,0.065653105,0.058075502,0.069623509,0.454107649,0.459674545,3.531890427,"16"
"B9","Test","GW1929",0.01,"0.01 uM 1929",21341,2444,3072,90,645.4,690.2,21251,1798.6,2381.8,0.084636017,0.463272796,0.004699895,0.174314972,0.114521344,0.137293308,0.795572917,0.805325828,6.964672295,"16"
"B8","Test","GW1929",0.05,"0.05 uM 1929",31706,4387,2435,90,645.4,690.2,31616,3741.6,1744.8,0.118345142,0.463272796,0.004699895,0.24782373,0.138364978,0.165878123,1.80164271,1.82372901,8.414734736,"16"
"C8","Test","GW1929",0.05,"0.05 uM 1929",28699,4736,2792,90,645.4,690.2,28609,4090.6,2101.8,0.142982977,0.463272796,0.004699895,0.301550925,0.165023172,0.197837158,1.696275072,1.717069672,10.03596598,"16"
"D8","Test","GW1929",0.05,"0.05 uM 1929",25226,5046,3877,90,645.4,690.2,25136,4400.6,3186.8,0.17507161,0.463272796,0.004699895,0.371525913,0.200031713,0.239806962,1.301521795,1.317477123,12.1650278,"16"
"D7","Test","GW1929",0.1,"0.1 uM 1929",20016,2920,1665,90,645.4,690.2,19926,2274.6,974.8,0.114152364,0.463272796,0.004699895,0.23868063,0.145883293,0.174891415,1.753753754,1.775252984,8.871964798,"16"
"C7","Test","GW1929",0.1,"0.1 uM 1929",23382,4037,2854,90,645.4,690.2,23292,3391.6,2163.8,0.145612227,0.463272796,0.004699895,0.307284474,0.172654178,0.206985549,1.414505957,1.431846355,10.50004944,"16"
"B6","Test","GW1929",0.5,"0.5 uM 1929",26438,1574,336,90,645.4,690.2,26348,928.6,-354.2,0.035243662,0.463272796,0.004699895,0.066606131,0.059535517,0.07137384,4.68452381,4.741951288,3.620681981,"16"
"C6","Test","GW1929",0.5,"0.5 uM 1929",22407,2527,857,90,645.4,690.2,22317,1881.6,166.8,0.084312408,0.463272796,0.004699895,0.173609283,0.112777257,0.135202419,2.94865811,2.984805647,6.858604792,"16"
"D6","Test","GW1929",0.5,"0.5 uM 1929",29788,3672,2369,90,645.4,690.2,29698,3026.6,1678.8,0.101912587,0.463272796,0.004699895,0.211989613,0.123271116,0.147782926,1.550021106,1.569022782,7.496794016,"16"
"B5","Test","GW1929",1,"1 uM 1929",28599,5736,2687,90,645.4,690.2,28509,5090.6,1996.8,0.178561156,0.463272796,0.004699895,0.379135489,0.200566453,0.240448032,2.134722739,2.16089226,12.19754828,"16"
"D5","Test","GW1929",1,"1 uM 1929",31665,8443,3053,90,645.4,690.2,31575,7797.6,2362.8,0.246954869,0.463272796,0.004699895,0.528280179,0.266635086,0.319654064,2.76547658,2.799378499,16.21554492,"16"
"C5","Test","GW1929",1,"1 uM 1929",35942,9815,3675,90,645.4,690.2,35852,9169.6,2984.8,0.255762579,0.463272796,0.004699895,0.547486962,0.273078849,0.327379135,2.670748299,2.703488946,16.60742558,"16"
"C4","Test","GW1929",5,"5 uM 1929",27416,8884,3537,90,645.4,690.2,27326,8238.6,2846.8,0.301493084,0.463272796,0.004699895,0.647210482,0.324044354,0.388478862,2.511733107,2.54252439,19.70691799,"16"
"D4","Test","GW1929",5,"5 uM 1929",28328,12280,2119,90,645.4,690.2,28238,11634.6,1428.8,0.412019265,0.463272796,0.004699895,0.888232534,0.433493363,0.519691228,5.795186409,5.866229477,26.36311377,"16"
"B4","Test","GW1929",5,"5 uM 1929",25255,12918,2207,90,645.4,690.2,25165,12272.6,1516.8,0.487685277,0.463272796,0.004699895,1.053235769,0.511502673,0.613212277,5.853194382,5.924948568,31.10728858,"16"
"D2","Test","UnTx",0,"UnTX",57229,294,520,90,645.4,690.2,57139,-351.4,-170.2,-0.006149915,0.463272796,0.004699895,-0.023659946,0.005137256,0.006158772,0.565384615,0.572315653,0.312424745,"16"
"C11","Test","UnTx",0,"UnTX",47133,469,4186,90,645.4,690.2,47043,-176.4,3495.8,-0.003749761,0.463272796,0.004699895,-0.018425981,0.009950565,0.011929182,0.112040134,0.113413631,0.605148568,"16"
"B11","Test","UnTx",0,"UnTX",48269,707,3822,90,645.4,690.2,48179,61.6,3131.8,0.001278565,0.463272796,0.004699895,-0.007460819,0.014647082,0.017559577,0.184981685,0.187249372,0.890769551,"16"
"C2","Test","UnTx",0,"UnTX",30607,580,596,90,645.4,690.2,30517,-65.4,-94.2,-0.002143068,0.463272796,0.004699895,-0.0149223,0.018949913,0.022718003,0.973154362,0.985084241,1.152448378,"16"
"B2","Test","UnTx",0,"UnTX",33241,651,811,90,645.4,690.2,33151,5.6,120.8,0.000168924,0.463272796,0.004699895,-0.00988059,0.019584248,0.023478472,0.8027127,0.812553138,1.191025772,"16"
"D11","Test","UnTx",0,"UnTX",54546,2758,5778,90,645.4,690.2,54456,2112.6,5087.8,0.038794623,0.463272796,0.004699895,0.074349636,0.050562828,0.060616979,0.477327795,0.483179346,3.07500343,"16"
"54","Test","Rosi",1e-04,"0.1 nM Rosi",14000,701,1871,377.6666667,778.6666667,878.1666667,13622.33333,-77.66666667,992.8333333,-0.005701422,0.180833419,0.011744853,-0.103178323,0.050071429,0.17768624,0.374665954,2.998498146,2.66e-05,"18"
"52","Test","Rosi",1e-04,"0.1 nM Rosi",12222,664,1290,377.6666667,778.6666667,878.1666667,11844.33333,-114.6666667,411.8333333,-0.009681141,0.180833419,0.011744853,-0.126714626,0.054328261,0.192792269,0.514728682,4.119437549,2.89e-05,"18"
"53","Test","Rosi",1e-04,"0.1 nM Rosi",12726,885,1172,377.6666667,778.6666667,878.1666667,12348.33333,106.3333333,293.8333333,0.008611149,0.180833419,0.011744853,-0.018532917,0.069542669,0.246782958,0.755119454,6.04331474,3.7e-05,"18"
"46","Test","Rosi",0.001,"1 nM Rosi",13059,316,1414,377.6666667,778.6666667,878.1666667,12681.33333,-462.6666667,535.8333333,-0.036484071,0.180833419,0.011744853,-0.285228772,0.024197871,0.085869902,0.223479491,1.788534111,1.29e-05,"18"
"47","Test","Rosi",0.001,"1 nM Rosi",13333,725,911,377.6666667,778.6666667,878.1666667,12955.33333,-53.66666667,32.83333333,-0.004142438,0.180833419,0.011744853,-0.0939584,0.054376359,0.192962952,0.79582876,6.369116368,2.89e-05,"18"
"48","Test","Rosi",0.001,"1 nM Rosi",15871,2879,2300,377.6666667,778.6666667,878.1666667,15493.33333,2100.333333,1421.833333,0.135563683,0.180833419,0.011744853,0.732272049,0.181400038,0.643726198,1.25173913,10.01782367,9.64e-05,"18"
"41","Test","Rosi",0.01,"10 nM Rosi",17641,1089,1707,377.6666667,778.6666667,878.1666667,17263.33333,310.3333333,828.8333333,0.017976443,0.180833419,0.011744853,0.036854003,0.061731194,0.219062726,0.637961336,5.105683774,3.28e-05,"18"
"42","Test","Rosi",0.01,"10 nM Rosi",17291,1168,1028,377.6666667,778.6666667,878.1666667,16913.33333,389.3333333,149.8333333,0.023019314,0.180833419,0.011744853,0.066677845,0.067549592,0.239710215,1.13618677,9.093043785,3.59e-05,"18"
"40","Test","Rosi",0.01,"10 nM Rosi",16700,1390,1560,377.6666667,778.6666667,878.1666667,16322.33333,611.3333333,681.8333333,0.037453795,0.180833419,0.011744853,0.15204424,0.083233533,0.295367114,0.891025641,7.130988829,4.42e-05,"18"
"35","Test","Rosi",0.1,"100 nM Rosi",24273,980,911,377.6666667,778.6666667,878.1666667,23895.33333,201.3333333,32.83333333,0.008425634,0.180833419,0.011744853,-0.019630061,0.040374078,0.143273684,1.075740944,8.609288332,2.15e-05,"18"
"34","Test","Rosi",0.1,"100 nM Rosi",21960,1471,1414,377.6666667,778.6666667,878.1666667,21582.33333,692.3333333,535.8333333,0.032078706,0.180833419,0.011744853,0.120255639,0.066985428,0.237708191,1.040311174,8.325739483,3.56e-05,"18"
"36","Test","Rosi",0.1,"100 nM Rosi",25048,3614,2300,377.6666667,778.6666667,878.1666667,24670.33333,2835.333333,1421.833333,0.114928862,0.180833419,0.011744853,0.610236467,0.144282977,0.512010544,1.571304348,12.57534378,7.67e-05,"18"
"28","Test","Rosi",1,"1 uM Rosi",26622,1559,1834,377.6666667,778.6666667,878.1666667,26244.33333,780.3333333,955.8333333,0.029733403,0.180833419,0.011744853,0.106385371,0.058560589,0.207811342,0.850054526,6.803091906,3.11e-05,"18"
"30","Test","Rosi",1,"1 uM Rosi",26206,1537,1091,377.6666667,778.6666667,878.1666667,25828.33333,758.3333333,212.8333333,0.029360521,0.180833419,0.011744853,0.104180128,0.058650691,0.208131083,1.408799267,11.27479544,3.12e-05,"18"
"29","Test","Rosi",1,"1 uM Rosi",25970,3824,961,377.6666667,778.6666667,878.1666667,25592.33333,3045.333333,82.83333333,0.11899397,0.180833419,0.011744853,0.63427776,0.147246823,0.522528212,3.979188345,31.84593836,7.83e-05,"18"
"24","Test","Rosi",10,"10 uM Rosi",21533,2134,1952,377.6666667,778.6666667,878.1666667,21155.33333,1355.333333,1073.833333,0.064065799,0.180833419,0.011744853,0.309429238,0.099103701,0.351684869,1.093237705,8.749317081,5.27e-05,"18"
"22","Test","Rosi",10,"10 uM Rosi",20927,3778,3295,377.6666667,778.6666667,878.1666667,20549.33333,2999.333333,2416.833333,0.145957695,0.180833419,0.011744853,0.793742864,0.180532327,0.640646991,1.146585736,9.176267997,9.59e-05,"18"
"23","Test","Rosi",10,"10 uM Rosi",20479,4090,3825,377.6666667,778.6666667,878.1666667,20101.33333,3311.333333,2946.833333,0.164732024,0.180833419,0.011744853,0.904775381,0.199716783,0.708726011,1.069281046,8.557588964,0.000106143,"18"
"18","Test","Rosi",100,"100 uM Rosi",14385,2134,1952,377.6666667,778.6666667,878.1666667,14007.33333,1355.333333,1073.833333,0.096758841,0.180833419,0.011744853,0.502777863,0.148348975,0.52643937,1.093237705,8.749317081,7.88e-05,"18"
"16","Test","Rosi",100,"100 uM Rosi",14559,3778,3295,377.6666667,778.6666667,878.1666667,14181.33333,2999.333333,2416.833333,0.211498684,0.180833419,0.011744853,1.181356232,0.259495844,0.92086129,1.146585736,9.176267997,0.000137914,"18"
"17","Test","Rosi",100,"100 uM Rosi",14514,4090,3825,377.6666667,778.6666667,878.1666667,14136.33333,3311.333333,2946.833333,0.234242731,0.180833419,0.011744853,1.315865905,0.281796886,1,1.069281046,8.557588964,0.000149766,"18"
"58","Test","UnTx",0,"UnTX",22290,562,1427,377.6666667,778.6666667,878.1666667,21912.33333,-216.6666667,548.8333333,-0.009887887,0.180833419,0.011744853,-0.127937329,0.0252131,0.0894726,0.393833217,3.151896128,1.34e-05,"18"
"116","Test","UnTx",0,"UnTX",28053,763,1616,377.6666667,778.6666667,878.1666667,27675.33333,-15.66666667,737.8333333,-0.000566088,0.180833419,0.011744853,-0.072807647,0.027198517,0.09651816,0.472153465,3.778702802,1.45e-05,"18"
"115","Test","UnTx",0,"UnTX",18034,554,1190,377.6666667,778.6666667,878.1666667,17656.33333,-224.6666667,311.8333333,-0.012724424,0.180833419,0.011744853,-0.144712781,0.030719752,0.109013809,0.465546218,3.725824186,1.63e-05,"18"
"60","Test","UnTx",0,"UnTX",25938,801,1877,377.6666667,778.6666667,878.1666667,25560.33333,22.33333333,998.8333333,0.00087375,0.180833419,0.011744853,-0.064292362,0.030881332,0.109587201,0.426744806,3.41529166,1.64e-05,"18"
"118","Test","UnTx",0,"UnTX",28311,920,1471,377.6666667,778.6666667,878.1666667,27933.33333,141.3333333,592.8333333,0.005059666,0.180833419,0.011744853,-0.0395366,0.032496203,0.115317822,0.625424881,5.005352971,1.73e-05,"18"
"117","Test","UnTx",0,"UnTX",30434,1005,1519,377.6666667,778.6666667,878.1666667,30056.33333,226.3333333,640.8333333,0.007530304,0.180833419,0.011744853,-0.024925096,0.033022278,0.11718468,0.661619487,5.295022893,1.76e-05,"18"
"120","Test","UnTx",0,"UnTX",27258,1074,3080,377.6666667,778.6666667,878.1666667,26880.33333,295.3333333,2201.833333,0.010986967,0.180833419,0.011744853,-0.004482183,0.039401277,0.139821549,0.348701299,2.790699786,2.09e-05,"18"
"56","Test","UnTx",0,"UnTX",19465,828,1292,377.6666667,778.6666667,878.1666667,19087.33333,49.33333333,413.8333333,0.002584611,0.180833419,0.011744853,-0.054174224,0.042537889,0.150952303,0.640866873,5.128937151,2.26e-05,"18"
"119","Test","UnTx",0,"UnTX",28897,1313,2344,377.6666667,778.6666667,878.1666667,28519.33333,534.3333333,1465.833333,0.018735828,0.180833419,0.011744853,0.041345051,0.045437243,0.161241111,0.560153584,4.482978675,2.41e-05,"18"
"55","Test","UnTx",0,"UnTX",27300,1697,1003,377.6666667,778.6666667,878.1666667,26922.33333,918.3333333,124.8333333,0.034110466,0.180833419,0.011744853,0.132271587,0.062161172,0.22058857,1.691924227,13.54067965,3.3e-05,"18"
"59","Test","UnTx",0,"UnTX",27530,1812,857,377.6666667,778.6666667,878.1666667,27152.33333,1033.333333,-21.16666667,0.038056889,0.180833419,0.011744853,0.155610972,0.065819106,0.233569316,2.114352392,16.9214247,3.5e-05,"18"
"57","Test","UnTx",0,"UnTX",28017,2055,1682,377.6666667,778.6666667,878.1666667,27639.33333,1276.333333,803.8333333,0.046178152,0.180833419,0.011744853,0.203640612,0.073348324,0.260287915,1.22175981,9.777895443,3.9e-05,"18"
